,Id,SalePrice
0,1461,119151.11111111111
1,1462,152038.88888888888
2,1463,160503.86666666667
3,1464,180268.88888888888
4,1465,195941.24444444446
5,1466,182066.66666666666
6,1467,178658.48888888888
7,1468,177140.0
8,1469,181384.13333333333
9,1470,116154.44444444444
10,1471,188431.11111111112
11,1472,88364.44444444444
12,1473,95288.88888888889
13,1474,148228.88888888888
14,1475,153822.22222222222
15,1476,503734.8
16,1477,255133.57777777777
17,1478,317370.97777777776
18,1479,277402.5111111111
19,1480,435804.9111111111
20,1481,296333.3333333333
21,1482,219880.0
22,1483,182217.2888888889
23,1484,179307.4
24,1485,171587.03333333333
25,1486,210760.22222222222
26,1487,316579.5333333333
27,1488,252882.24444444446
28,1489,213465.26666666666
29,1490,227840.97777777776
30,1491,194124.44444444444
31,1492,91964.28888888888
32,1493,175752.22222222222
33,1494,296045.9555555555
34,1495,282404.22222222225
35,1496,227547.82222222222
36,1497,204600.0
37,1498,154083.74444444446
38,1499,152204.53333333333
39,1500,167350.63333333333
40,1501,171326.33333333334
41,1502,149974.57777777777
42,1503,313067.4666666667
43,1504,213744.44444444444
44,1505,217555.24444444446
45,1506,190285.73333333334
46,1507,230826.66666666666
47,1508,163456.3777777778
48,1509,166761.11111111112
49,1510,153452.42222222223
50,1511,147190.93333333332
51,1512,164719.0
52,1513,139298.88888888888
53,1514,163732.66666666666
54,1515,199233.77777777778
55,1516,124775.55555555556
56,1517,157801.11111111112
57,1518,138882.22222222222
58,1519,221350.13333333333
59,1520,138559.44444444444
60,1521,145483.53333333333
61,1522,156986.66666666666
62,1523,114720.0
63,1524,127615.55555555556
64,1525,129937.77777777778
65,1526,126280.17777777778
66,1527,98572.64444444445
67,1528,125566.66666666667
68,1529,150040.0
69,1530,165082.22222222222
70,1531,117200.08888888889
71,1532,109293.33333333333
72,1533,149328.88888888888
73,1534,121362.22222222222
74,1535,129209.08888888889
75,1536,118134.44444444444
76,1537,70084.6888888889
77,1538,173867.3111111111
78,1539,228184.11111111112
79,1540,113228.88888888889
80,1541,133629.64444444445
81,1542,138442.22222222222
82,1543,196508.4
83,1544,87284.44444444444
84,1545,110028.33333333333
85,1546,111180.0
86,1547,133253.33333333334
87,1548,130691.95555555556
88,1549,109861.66666666667
89,1550,132893.33333333334
90,1551,119227.8
91,1552,118384.44444444444
92,1553,132382.22222222222
93,1554,133326.75555555554
94,1555,195660.0
95,1556,100381.11111111111
96,1557,107957.15555555555
97,1558,87630.0
98,1559,107711.11111111111
99,1560,147389.55555555556
100,1561,164055.84444444443
101,1562,129659.62222222223
102,1563,115237.73333333334
103,1564,160809.7111111111
104,1565,155821.4
105,1566,245481.11111111112
106,1567,74782.22222222222
107,1568,203997.2
108,1569,114581.86666666667
109,1570,135110.0
110,1571,113169.35555555555
111,1572,148861.3777777778
112,1573,213404.51111111112
113,1574,104881.82222222222
114,1575,202199.53333333333
115,1576,208324.44444444444
116,1577,208281.15555555557
117,1578,130546.84444444445
118,1579,146425.55555555556
119,1580,188378.88888888888
120,1581,152428.88888888888
121,1582,128773.33333333333
122,1583,329751.8222222222
123,1584,232115.55555555556
124,1585,138966.66666666666
125,1586,82660.0
126,1587,109218.73333333334
127,1588,148325.75555555554
128,1589,96624.44444444444
129,1590,130117.77777777778
130,1591,119112.22222222222
131,1592,133663.88888888888
132,1593,123039.28888888888
133,1594,136441.3111111111
134,1595,130078.22222222222
135,1596,263944.64444444445
136,1597,188775.26666666666
137,1598,180906.8
138,1599,186294.44444444444
139,1600,195502.22222222222
140,1601,80985.17777777778
141,1602,108520.0
142,1603,90946.53333333334
143,1604,283443.02222222224
144,1605,230671.11111111112
145,1606,171133.33333333334
146,1607,185860.0
147,1608,215068.24444444446
148,1609,210451.8
149,1610,166428.55555555556
150,1611,152149.8
151,1612,167460.35555555555
152,1613,156666.0888888889
153,1614,121005.55555555556
154,1615,84611.11111111111
155,1616,84566.66666666667
156,1617,84144.44444444444
157,1618,128550.0
158,1619,128715.55555555556
159,1620,169951.15555555557
160,1621,132278.44444444444
161,1622,129077.02222222222
162,1623,253118.3777777778
163,1624,182687.82222222222
164,1625,120711.11111111111
165,1626,172469.0
166,1627,177422.22222222222
167,1628,265103.26666666666
168,1629,173548.88888888888
169,1630,360242.64444444445
170,1631,226876.88888888888
171,1632,269724.44444444444
172,1633,172497.77777777778
173,1634,182797.11111111112
174,1635,181828.88888888888
175,1636,171597.55555555556
176,1637,153245.04444444444
177,1638,196135.55555555556
178,1639,181908.0
179,1640,239256.86666666667
180,1641,177102.4
181,1642,222891.66666666666
182,1643,231917.55555555556
183,1644,221138.88888888888
184,1645,176302.0
185,1646,163797.77777777778
186,1647,159200.0
187,1648,145460.0
188,1649,142275.55555555556
189,1650,120222.22222222222
190,1651,121773.33333333333
191,1652,94966.66666666667
192,1653,102275.55555555556
193,1654,160604.44444444444
194,1655,156806.66666666666
195,1656,144240.0
196,1657,161732.22222222222
197,1658,154813.77777777778
198,1659,153712.22222222222
199,1660,151957.77777777778
200,1661,370631.02222222224
201,1662,405049.4666666667
202,1663,378666.5333333333
203,1664,484822.4222222222
204,1665,358393.77777777775
205,1666,279520.0
206,1667,306219.68888888886
207,1668,409391.9555555555
208,1669,299625.7111111111
209,1670,360713.73333333334
210,1671,258091.7111111111
211,1672,399153.4
212,1673,289208.2
213,1674,255755.55555555556
214,1675,195263.33333333334
215,1676,189203.44444444444
216,1677,224679.55555555556
217,1678,419060.31111111114
218,1679,351796.84444444446
219,1680,425488.3333333333
220,1681,328568.7555555556
221,1682,290077.77777777775
222,1683,189736.66666666666
223,1684,179179.33333333334
224,1685,175318.0
225,1686,170373.77777777778
226,1687,172778.14444444445
227,1688,186675.33333333334
228,1689,184090.88888888888
229,1690,176780.0
230,1691,165613.33333333334
231,1692,245884.33333333334
232,1693,170551.11111111112
233,1694,181864.44444444444
234,1695,177144.44444444444
235,1696,257180.0
236,1697,177228.88888888888
237,1698,332192.2
238,1699,349415.4
239,1700,256623.77777777778
240,1701,283961.1111111111
241,1702,255865.2888888889
242,1703,258012.75555555554
243,1704,256526.33333333334
244,1705,283750.0444444445
245,1706,405136.3333333333
246,1707,242963.82222222222
247,1708,219221.77777777778
248,1709,280614.6666666667
249,1710,216339.77777777778
250,1711,224695.95555555556
251,1712,267942.55555555556
252,1713,240788.02222222224
253,1714,225644.44444444444
254,1715,196758.88888888888
255,1716,201364.44444444444
256,1717,185036.0888888889
257,1718,159497.77777777778
258,1719,215063.0
259,1720,256626.66666666666
260,1721,183966.66666666666
261,1722,153789.13333333333
262,1723,152211.35555555555
263,1724,214000.3111111111
264,1725,228375.55555555556
265,1726,196527.77777777778
266,1727,178749.6888888889
267,1728,177714.77777777778
268,1729,170163.11111111112
269,1730,163745.6222222222
270,1731,129240.0
271,1732,120080.33333333333
272,1733,115304.02222222222
273,1734,129250.0
274,1735,136585.55555555556
275,1736,140564.06666666668
276,1737,302686.6666666667
277,1738,219878.4
278,1739,308356.68888888886
279,1740,232361.88888888888
280,1741,194355.82222222222
281,1742,172248.22222222222
282,1743,177244.44444444444
283,1744,321432.22222222225
284,1745,265496.1777777778
285,1746,246497.06666666668
286,1747,197693.33333333334
287,1748,218932.06666666668
288,1749,159757.3777777778
289,1750,160365.55555555556
290,1751,221753.33333333334
291,1752,117774.8
292,1753,144156.66666666666
293,1754,187906.17777777778
294,1755,166521.11111111112
295,1756,119251.02222222222
296,1757,126972.22222222222
297,1758,137811.11111111112
298,1759,147060.11111111112
299,1760,160585.95555555556
300,1761,145932.22222222222
301,1762,170162.06666666668
302,1763,171864.88888888888
303,1764,121463.33333333333
304,1765,184264.88888888888
305,1766,164851.11111111112
306,1767,190098.88888888888
307,1768,143891.11111111112
308,1769,180297.77777777778
309,1770,149126.66666666666
310,1771,131730.0
311,1772,146853.33333333334
312,1773,137177.93333333332
313,1774,152206.66666666666
314,1775,136297.77777777778
315,1776,123627.93333333333
316,1777,117844.44444444444
317,1778,145555.55555555556
318,1779,117768.66666666667
319,1780,175455.0
320,1781,134091.22222222222
321,1782,109256.66666666667
322,1783,130027.51111111112
323,1784,85024.44444444444
324,1785,116057.33333333333
325,1786,138745.02222222224
326,1787,165046.33333333334
327,1788,60373.444444444445
328,1789,87657.62222222223
329,1790,89382.22222222222
330,1791,202748.88888888888
331,1792,166582.22222222222
332,1793,134095.4
333,1794,149677.03333333333
334,1795,145095.55555555556
335,1796,136406.3777777778
336,1797,104156.0
337,1798,127475.55555555556
338,1799,126065.55555555556
339,1800,134345.44444444444
340,1801,128068.53333333334
341,1802,136568.33333333334
342,1803,153146.66666666666
343,1804,140404.0
344,1805,141992.22222222222
345,1806,129289.64444444445
346,1807,117009.06666666667
347,1808,114906.66666666667
348,1809,123548.33333333333
349,1810,131577.06666666668
350,1811,97446.2
351,1812,96743.6
352,1813,120837.77777777778
353,1814,97829.06666666667
354,1815,57955.91111111111
355,1816,115023.11111111111
356,1817,101642.22222222222
357,1818,143044.44444444444
358,1819,120063.6
359,1820,96952.8
360,1821,123666.57777777778
361,1822,132286.11111111112
362,1823,55942.555555555555
363,1824,141315.55555555556
364,1825,135225.02222222224
365,1826,99444.44444444444
366,1827,130861.33333333333
367,1828,128091.11111111111
368,1829,116149.0
369,1830,133235.55555555556
370,1831,148823.06666666668
371,1832,117913.33333333333
372,1833,157668.6
373,1834,133741.66666666666
374,1835,153255.0888888889
375,1836,133685.0
376,1837,100193.46666666666
377,1838,138450.55555555556
378,1839,101743.8
379,1840,176382.22222222222
380,1841,151987.15555555557
381,1842,88097.77777777778
382,1843,137038.88888888888
383,1844,133252.06666666668
384,1845,128528.88888888889
385,1846,142520.0
386,1847,144211.11111111112
387,1848,60866.64444444444
388,1849,122860.86666666667
389,1850,135151.11111111112
390,1851,151023.33333333334
391,1852,138760.0
392,1853,147052.66666666666
393,1854,193953.33333333334
394,1855,174857.36666666667
395,1856,220995.0888888889
396,1857,157454.66666666666
397,1858,143731.82222222222
398,1859,118858.0
399,1860,153422.02222222224
400,1861,119038.93333333333
401,1862,281927.13333333336
402,1863,281927.13333333336
403,1864,281927.13333333336
404,1865,378433.77777777775
405,1866,335263.64444444445
406,1867,234992.2
407,1868,290247.35555555555
408,1869,191184.75555555554
409,1870,201811.53333333333
410,1871,278707.9555555555
411,1872,169448.77777777778
412,1873,240241.11111111112
413,1874,145088.22222222222
414,1875,203326.22222222222
415,1876,219136.66666666666
416,1877,197690.0
417,1878,203933.33333333334
418,1879,132626.66666666666
419,1880,130244.44444444444
420,1881,219544.44444444444
421,1882,271431.55555555556
422,1883,208440.22222222222
423,1884,226133.33333333334
424,1885,235951.11111111112
425,1886,277783.3333333333
426,1887,196319.55555555556
427,1888,253830.73333333334
428,1889,174015.92222222223
429,1890,129837.46666666666
430,1891,145584.44444444444
431,1892,106795.55555555556
432,1893,138100.17777777778
433,1894,141880.0
434,1895,138453.33333333334
435,1896,119182.22222222222
436,1897,115071.15555555555
437,1898,121711.15555555555
438,1899,158532.22222222222
439,1900,149709.44444444444
440,1901,148381.26666666666
441,1902,156852.22222222222
442,1903,227439.53333333333
443,1904,146770.55555555556
444,1905,193168.3111111111
445,1906,130503.33333333333
446,1907,185145.46666666667
447,1908,111847.95555555556
448,1909,131764.44444444444
449,1910,125344.44444444444
450,1911,188235.55555555556
451,1912,298046.31111111114
452,1913,129922.4
453,1914,54441.84444444445
454,1915,329536.8222222222
455,1916,62010.75555555556
456,1917,263669.6666666667
457,1918,142262.22222222222
458,1919,156325.26666666666
459,1920,169388.55555555556
460,1921,403836.0444444445
461,1922,351873.8888888889
462,1923,186552.22222222222
463,1924,224046.66666666666
464,1925,224502.22222222222
465,1926,362338.6666666667
466,1927,131795.55555555556
467,1928,150044.82222222222
468,1929,129665.55555555556
469,1930,151326.0
470,1931,130940.0
471,1932,137920.44444444444
472,1933,159384.44444444444
473,1934,178861.11111111112
474,1935,176876.35555555555
475,1936,177333.33333333334
476,1937,177897.77777777778
477,1938,180427.57777777777
478,1939,291073.1777777778
479,1940,189198.04444444444
480,1941,181206.66666666666
481,1942,188425.11111111112
482,1943,188933.33333333334
483,1944,310013.2444444444
484,1945,349963.35555555555
485,1946,154042.75555555554
486,1947,337500.6
487,1948,155130.0
488,1949,252053.46666666667
489,1950,198112.11111111112
490,1951,269927.2
491,1952,251939.0
492,1953,168680.0
493,1954,191115.55555555556
494,1955,135004.44444444444
495,1956,270223.2888888889
496,1957,175724.77777777778
497,1958,269475.0444444445
498,1959,141778.88888888888
499,1960,117326.2
500,1961,123751.84444444445
501,1962,96722.22222222222
502,1963,104666.66666666667
503,1964,111452.95555555556
504,1965,146005.0
505,1966,164551.11111111112
506,1967,326427.55555555556
507,1968,382848.86666666664
508,1969,350815.0
509,1970,371361.77777777775
510,1971,370672.73333333334
511,1972,316239.44444444444
512,1973,283229.22222222225
513,1974,318001.1111111111
514,1975,426851.26666666666
515,1976,255325.6888888889
516,1977,319787.4666666667
517,1978,314521.84444444446
518,1979,351600.6666666667
519,1980,195964.33333333334
520,1981,339192.1111111111
521,1982,224839.51111111112
522,1983,219466.17777777778
523,1984,154000.0
524,1985,195752.44444444444
525,1986,196179.6888888889
526,1987,190994.33333333334
527,1988,183245.55555555556
528,1989,189761.11111111112
529,1990,216100.0
530,1991,234437.6
531,1992,230568.88888888888
532,1993,173990.77777777778
533,1994,234604.44444444444
534,1995,184508.88888888888
535,1996,274512.0
536,1997,354022.4
537,1998,311813.3333333333
538,1999,265358.22222222225
539,2000,292686.6666666667
540,2001,262480.44444444444
541,2002,241509.73333333334
542,2003,222517.46666666667
543,2004,229262.6888888889
544,2005,287248.84444444446
545,2006,226103.2888888889
546,2007,248700.13333333333
547,2008,204094.66666666666
548,2009,188403.11111111112
549,2010,188782.22222222222
550,2011,167954.04444444444
551,2012,184059.77777777778
552,2013,175797.77777777778
553,2014,191795.55555555556
554,2015,194883.33333333334
555,2016,188994.44444444444
556,2017,200880.0
557,2018,131438.88888888888
558,2019,129804.06666666667
559,2020,107977.77777777778
560,2021,120332.75555555556
561,2022,177231.33333333334
562,2023,135304.64444444445
563,2024,252809.77777777778
564,2025,392522.7111111111
565,2026,184565.22222222222
566,2027,156530.45555555556
567,2028,154244.44444444444
568,2029,175442.22222222222
569,2030,288933.44444444444
570,2031,267112.4888888889
571,2032,306326.6222222222
572,2033,278034.4888888889
573,2034,162777.44444444444
574,2035,205616.3111111111
575,2036,190488.88888888888
576,2037,193038.55555555556
577,2038,307729.26666666666
578,2039,211442.22222222222
579,2040,340997.86666666664
580,2041,288898.06666666665
581,2042,225073.88888888888
582,2043,178886.77777777778
583,2044,160869.42222222223
584,2045,221426.04444444444
585,2046,162732.55555555556
586,2047,154376.3111111111
587,2048,133314.44444444444
588,2049,142600.0
589,2050,177056.66666666666
590,2051,109340.71111111112
591,2052,140423.33333333334
592,2053,150935.55555555556
593,2054,96763.33333333333
594,2055,158857.88888888888
595,2056,139233.24444444446
596,2057,133497.77777777778
597,2058,205840.0
598,2059,139400.0
599,2060,167698.88888888888
600,2061,163752.22222222222
601,2062,138706.66666666666
602,2063,117657.77777777778
603,2064,138300.55555555556
604,2065,110220.0
605,2066,161452.22222222222
606,2067,120349.24444444444
607,2068,154220.0
608,2069,81806.35555555555
609,2070,102066.66666666667
610,2071,89772.6888888889
611,2072,118772.15555555555
612,2073,131222.22222222222
613,2074,196182.22222222222
614,2075,152631.11111111112
615,2076,120622.22222222222
616,2077,151923.33333333334
617,2078,132197.77777777778
618,2079,124417.77777777778
619,2080,128722.22222222222
620,2081,117785.55555555556
621,2082,136580.0
622,2083,129468.88888888889
623,2084,117952.22222222222
624,2085,131066.66666666667
625,2086,143121.55555555556
626,2087,125751.11111111111
627,2088,99370.44444444444
628,2089,90097.77777777778
629,2090,129718.08888888889
630,2091,112887.86666666667
631,2092,123806.11111111111
632,2093,109003.82222222222
633,2094,168139.3777777778
634,2095,127671.11111111111
635,2096,98271.11111111111
636,2097,109359.15555555555
637,2098,137742.22222222222
638,2099,53184.177777777775
639,2100,129319.35555555555
640,2101,109348.6
641,2102,146920.0
642,2103,108281.11111111111
643,2104,142430.06666666668
644,2105,127279.33333333333
645,2106,73098.26666666666
646,2107,229344.95555555556
647,2108,116492.22222222222
648,2109,114074.08888888889
649,2110,153278.88888888888
650,2111,150515.55555555556
651,2112,141781.77777777778
652,2113,115748.88888888889
653,2114,122975.55555555556
654,2115,148858.33333333334
655,2116,133614.66666666666
656,2117,142905.2
657,2118,125524.44444444444
658,2119,122324.44444444444
659,2120,128490.55555555556
660,2121,115334.04444444444
661,2122,114011.13333333333
662,2123,95013.33333333333
663,2124,176864.44444444444
664,2125,128779.11111111111
665,2126,134978.88888888888
666,2127,167267.77777777778
667,2128,149342.22222222222
668,2129,105713.33333333333
669,2130,159480.0
670,2131,145548.44444444444
671,2132,122395.55555555556
672,2133,138989.55555555556
673,2134,120395.55555555556
674,2135,101573.33333333333
675,2136,62100.955555555556
676,2137,133192.06666666668
677,2138,135640.0
678,2139,147432.22222222222
679,2140,135382.04444444444
680,2141,136059.84444444443
681,2142,143235.55555555556
682,2143,147198.2
683,2144,130692.42222222222
684,2145,137661.11111111112
685,2146,138658.88888888888
686,2147,127255.22222222222
687,2148,115420.71111111112
688,2149,129521.11111111111
689,2150,257974.22222222222
690,2151,116562.22222222222
691,2152,177285.55555555556
692,2153,155921.22222222222
693,2154,108310.0
694,2155,140108.36666666667
695,2156,252653.33333333334
696,2157,222026.22222222222
697,2158,220711.11111111112
698,2159,199354.44444444444
699,2160,163740.26666666666
700,2161,252353.06666666668
701,2162,364474.0
702,2163,344890.3777777778
703,2164,234344.44444444444
704,2165,195593.33333333334
705,2166,140003.33333333334
706,2167,192697.77777777778
707,2168,204178.88888888888
708,2169,184655.55555555556
709,2170,215380.0
710,2171,149814.9111111111
711,2172,146551.66666666666
712,2173,151223.8
713,2174,234304.42222222223
714,2175,250624.6222222222
715,2176,271316.6666666667
716,2177,253823.17777777778
717,2178,211046.66666666666
718,2179,149000.0
719,2180,214656.3777777778
720,2181,213844.44444444444
721,2182,228142.75555555554
722,2183,195611.2888888889
723,2184,134398.88888888888
724,2185,127772.06666666667
725,2186,149946.66666666666
726,2187,132215.55555555556
727,2188,153460.64444444445
728,2189,156323.86666666667
729,2190,83333.33333333333
730,2191,85315.0
731,2192,97984.44444444444
732,2193,110820.0
733,2194,112212.53333333334
734,2195,110674.15555555555
735,2196,123627.77777777778
736,2197,110232.33333333333
737,2198,157062.88888888888
738,2199,172525.2
739,2200,134062.02222222224
740,2201,135895.55555555556
741,2202,191266.66666666666
742,2203,154047.2
743,2204,160325.75555555554
744,2205,116478.88888888889
745,2206,131040.0
746,2207,187020.2888888889
747,2208,243436.11111111112
748,2209,185446.04444444444
749,2210,113973.33333333333
750,2211,123611.11111111111
751,2212,129232.6888888889
752,2213,114208.88888888889
753,2214,137916.26666666666
754,2215,114226.51111111112
755,2216,155734.51111111112
756,2217,58207.35555555556
757,2218,87677.0
758,2219,82340.0
759,2220,90844.44444444444
760,2221,350955.06666666665
761,2222,243032.04444444444
762,2223,269128.0
763,2224,200317.77777777778
764,2225,142078.93333333332
765,2226,178749.11111111112
766,2227,216940.0
767,2228,285119.4222222222
768,2229,225655.8
769,2230,166532.8
770,2231,199077.22222222222
771,2232,197281.77777777778
772,2233,180565.06666666668
773,2234,270376.7111111111
774,2235,215562.04444444444
775,2236,287187.2444444444
776,2237,373556.31111111114
777,2238,206300.0
778,2239,140608.88888888888
779,2240,159973.33333333334
780,2241,142458.8
781,2242,129556.66666666667
782,2243,124940.71111111112
783,2244,95603.11111111111
784,2245,89633.33333333333
785,2246,150077.06666666668
786,2247,113780.0
787,2248,127491.11111111111
788,2249,131142.22222222222
789,2250,124737.77777777778
790,2251,118388.08888888889
791,2252,166200.22222222222
792,2253,168267.3777777778
793,2254,174042.53333333333
794,2255,175555.55555555556
795,2256,175101.33333333334
796,2257,221776.6
797,2258,174582.22222222222
798,2259,174197.77777777778
799,2260,162158.88888888888
800,2261,187897.77777777778
801,2262,193453.6
802,2263,334107.6222222222
803,2264,476766.73333333334
804,2265,153044.11111111112
805,2266,312893.2888888889
806,2267,391702.7111111111
807,2268,402527.7555555556
808,2269,171815.55555555556
809,2270,178827.44444444444
810,2271,232958.15555555557
811,2272,183924.44444444444
812,2273,169755.55555555556
813,2274,179851.11111111112
814,2275,169911.11111111112
815,2276,168664.44444444444
816,2277,185811.11111111112
817,2278,148961.2888888889
818,2279,129293.06666666667
819,2280,123310.3111111111
820,2281,181270.93333333332
821,2282,177538.75555555554
822,2283,99777.77777777778
823,2284,112628.06666666667
824,2285,162357.77777777778
825,2286,132692.22222222222
826,2287,334693.2888888889
827,2288,312973.2
828,2289,359629.22222222225
829,2290,380907.9555555555
830,2291,346943.97777777776
831,2292,383802.3777777778
832,2293,444895.9555555555
833,2294,364350.86666666664
834,2295,457226.9555555555
835,2296,285312.31111111114
836,2297,307134.06666666665
837,2298,316351.2
838,2299,329270.6
839,2300,302992.2444444444
840,2301,268373.15555555554
841,2302,227277.73333333334
842,2303,268120.6222222222
843,2304,243740.22222222222
844,2305,190754.7111111111
845,2306,190427.06666666668
846,2307,194700.0
847,2308,230061.22222222222
848,2309,284277.77777777775
849,2310,238205.33333333334
850,2311,173512.22222222222
851,2312,177728.11111111112
852,2313,176709.88888888888
853,2314,184954.13333333333
854,2315,172527.55555555556
855,2316,186980.0
856,2317,177941.3777777778
857,2318,176670.26666666666
858,2319,179540.0
859,2320,199718.17777777778
860,2321,229041.73333333334
861,2322,174788.02222222224
862,2323,182035.04444444444
863,2324,168470.48888888888
864,2325,227373.73333333334
865,2326,165966.66666666666
866,2327,216402.22222222222
867,2328,216073.33333333334
868,2329,180917.77777777778
869,2330,177144.44444444444
870,2331,323253.3333333333
871,2332,382563.2888888889
872,2333,319190.6666666667
873,2334,267853.55555555556
874,2335,284426.6666666667
875,2336,301388.8888888889
876,2337,218396.6222222222
877,2338,231851.57777777777
878,2339,246171.15555555557
879,2340,359716.2444444444
880,2341,244638.0
881,2342,255038.75555555554
882,2343,228517.2
883,2344,240118.95555555556
884,2345,221403.6
885,2346,235271.4
886,2347,192690.93333333332
887,2348,233082.9111111111
888,2349,170566.84444444443
889,2350,258277.9111111111
890,2351,315604.35555555555
891,2352,256642.22222222222
892,2353,240555.11111111112
893,2354,159648.44444444444
894,2355,187770.8
895,2356,157598.66666666666
896,2357,216622.3111111111
897,2358,208805.55555555556
898,2359,126672.77777777778
899,2360,131839.11111111112
900,2361,134598.88888888888
901,2362,275433.3333333333
902,2363,131242.22222222222
903,2364,149501.11111111112
904,2365,217704.7111111111
905,2366,210491.8
906,2367,252376.02222222224
907,2368,217313.3777777778
908,2369,233764.04444444444
909,2370,176731.11111111112
910,2371,175802.88888888888
911,2372,186942.24444444446
912,2373,272173.3333333333
913,2374,290424.44444444444
914,2375,262504.22222222225
915,2376,258095.84444444443
916,2377,294657.35555555555
917,2378,153578.88888888888
918,2379,196511.11111111112
919,2380,152240.0
920,2381,165136.66666666666
921,2382,186106.77777777778
922,2383,232673.06666666668
923,2384,248315.95555555556
924,2385,156465.55555555556
925,2386,146053.33333333334
926,2387,140866.66666666666
927,2388,104806.66666666667
928,2389,128592.22222222222
929,2390,129868.88888888889
930,2391,127776.66666666667
931,2392,119881.28888888888
932,2393,181523.2888888889
933,2394,141117.77777777778
934,2395,198655.55555555556
935,2396,166788.88888888888
936,2397,181401.11111111112
937,2398,124508.88888888889
938,2399,69606.91111111111
939,2400,66822.82222222222
940,2401,122858.88888888889
941,2402,134182.22222222222
942,2403,152345.55555555556
943,2404,141058.88888888888
944,2405,156037.97777777776
945,2406,141112.22222222222
946,2407,124759.91111111111
947,2408,138145.55555555556
948,2409,136998.88888888888
949,2410,157283.33333333334
950,2411,116393.51111111112
951,2412,156022.22222222222
952,2413,136365.11111111112
953,2414,138537.6888888889
954,2415,148495.55555555556
955,2416,118800.0
956,2417,135236.66666666666
957,2418,134847.77777777778
958,2419,122304.44444444444
959,2420,122748.88888888889
960,2421,149776.77777777778
961,2422,118095.55555555556
962,2423,116268.06666666667
963,2424,148914.44444444444
964,2425,180685.4
965,2426,120315.8
966,2427,139429.97777777776
967,2428,161626.3111111111
968,2429,120500.73333333334
969,2430,138456.66666666666
970,2431,112671.11111111111
971,2432,138591.11111111112
972,2433,142677.77777777778
973,2434,151706.86666666667
974,2435,154280.66666666666
975,2436,109637.77777777778
976,2437,97734.66666666667
977,2438,118796.88888888889
978,2439,125242.6888888889
979,2440,117264.44444444444
980,2441,99532.22222222222
981,2442,112543.55555555556
982,2443,121962.22222222222
983,2444,116125.55555555556
984,2445,93512.3111111111
985,2446,129872.22222222222
986,2447,173466.66666666666
987,2448,145002.22222222222
988,2449,113791.11111111111
989,2450,127264.71111111112
990,2451,134000.17777777778
991,2452,199533.33333333334
992,2453,102395.08888888889
993,2454,114349.64444444445
994,2455,108488.88888888889
995,2456,132107.77777777778
996,2457,122336.66666666667
997,2458,121157.11111111111
998,2459,128953.33333333333
999,2460,129028.88888888889
1000,2461,117251.11111111111
1001,2462,134080.0
1002,2463,110115.55555555556
1003,2464,175186.11111111112
1004,2465,138308.3111111111
1005,2466,106158.88888888889
1006,2467,134278.13333333333
1007,2468,83142.22222222222
1008,2469,87101.11111111111
1009,2470,177195.55555555556
1010,2471,200602.22222222222
1011,2472,165304.44444444444
1012,2473,112008.88888888889
1013,2474,92381.11111111111
1014,2475,220126.66666666666
1015,2476,109673.42222222222
1016,2477,130453.33333333333
1017,2478,159147.77777777778
1018,2479,105796.26666666666
1019,2480,145667.77777777778
1020,2481,129647.77777777778
1021,2482,127793.33333333333
1022,2483,122386.66666666667
1023,2484,119755.55555555556
1024,2485,125243.33333333333
1025,2486,162027.77777777778
1026,2487,172223.4
1027,2488,135883.33333333334
1028,2489,149935.55555555556
1029,2490,148042.22222222222
1030,2491,92670.95555555556
1031,2492,190146.66666666666
1032,2493,141611.33333333334
1033,2494,139184.44444444444
1034,2495,95692.46666666666
1035,2496,233752.66666666666
1036,2497,140113.77777777778
1037,2498,126311.91111111111
1038,2499,95904.44444444444
1039,2500,149746.0
1040,2501,148591.6
1041,2502,141297.77777777778
1042,2503,91562.06666666667
1043,2504,176453.4
1044,2505,210228.44444444444
1045,2506,251298.51111111112
1046,2507,359216.5111111111
1047,2508,251298.51111111112
1048,2509,216825.04444444444
1049,2510,243710.84444444443
1050,2511,189588.86666666667
1051,2512,213074.11111111112
1052,2513,221206.66666666666
1053,2514,222982.22222222222
1054,2515,136257.77777777778
1055,2516,162248.9
1056,2517,136530.0
1057,2518,144708.88888888888
1058,2519,231920.44444444444
1059,2520,202042.22222222222
1060,2521,201708.88888888888
1061,2522,230044.44444444444
1062,2523,132992.22222222222
1063,2524,139173.33333333334
1064,2525,136802.22222222222
1065,2526,127539.08888888889
1066,2527,121940.42222222222
1067,2528,126794.44444444444
1068,2529,129752.62222222223
1069,2530,104526.66666666667
1070,2531,238541.55555555556
1071,2532,231002.22222222222
1072,2533,204242.22222222222
1073,2534,256242.22222222222
1074,2535,291102.22222222225
1075,2536,203099.97777777776
1076,2537,211616.8
1077,2538,166207.11111111112
1078,2539,182712.88888888888
1079,2540,184147.6222222222
1080,2541,169296.66666666666
1081,2542,167958.66666666666
1082,2543,123523.33333333333
1083,2544,131500.55555555556
1084,2545,104813.33333333333
1085,2546,165291.11111111112
1086,2547,135285.86666666667
1087,2548,149806.17777777778
1088,2549,161673.55555555556
1089,2550,260597.53333333333
1090,2551,145960.0
1091,2552,134176.66666666666
1092,2553,87813.02222222222
1093,2554,124215.11111111111
1094,2555,119882.22222222222
1095,2556,108744.62222222223
1096,2557,106987.4
1097,2558,163683.97777777776
1098,2559,159584.44444444444
1099,2560,131437.57777777777
1100,2561,139380.55555555556
1101,2562,110455.55555555556
1102,2563,174751.64444444445
1103,2564,190731.11111111112
1104,2565,125634.62222222223
1105,2566,149295.75555555554
1106,2567,131288.88888888888
1107,2568,192287.2
1108,2569,194548.88888888888
1109,2570,114951.11111111111
1110,2571,187087.11111111112
1111,2572,181584.44444444444
1112,2573,242546.66666666666
1113,2574,241733.33333333334
1114,2575,122321.66666666667
1115,2576,128540.44444444444
1116,2577,164984.15555555557
1117,2578,104708.88888888889
1118,2579,80631.84444444445
1119,2580,137441.93333333332
1120,2581,134718.88888888888
1121,2582,118132.06666666667
1122,2583,245741.73333333334
1123,2584,151750.82222222222
1124,2585,174235.4
1125,2586,184972.8
1126,2587,203498.57777777777
1127,2588,150583.33333333334
1128,2589,143292.22222222222
1129,2590,241498.88888888888
1130,2591,225501.55555555556
1131,2592,257516.4
1132,2593,242263.9111111111
1133,2594,187187.77777777778
1134,2595,220137.26666666666
1135,2596,342830.22222222225
1136,2597,213535.3777777778
1137,2598,271118.93333333335
1138,2599,351496.8888888889
1139,2600,138110.3111111111
1140,2601,158350.0
1141,2602,83788.88888888889
1142,2603,86384.44444444444
1143,2604,82544.44444444444
1144,2605,87953.33333333333
1145,2606,137178.0
1146,2607,171404.44444444444
1147,2608,155811.33333333334
1148,2609,145843.33333333334
1149,2610,129773.33333333333
1150,2611,128553.33333333333
1151,2612,148703.0
1152,2613,130731.11111111111
1153,2614,127235.17777777778
1154,2615,142006.66666666666
1155,2616,139451.11111111112
1156,2617,138927.77777777778
1157,2618,179786.66666666666
1158,2619,230495.55555555556
1159,2620,185041.66666666666
1160,2621,189405.15555555557
1161,2622,196563.33333333334
1162,2623,262174.73333333334
1163,2624,264866.31111111114
1164,2625,334604.2888888889
1165,2626,172788.88888888888
1166,2627,194053.75555555554
1167,2628,395022.2
1168,2629,498756.31111111114
1169,2630,368777.7111111111
1170,2631,441606.5111111111
1171,2632,376639.4666666667
1172,2633,346511.0444444445
1173,2634,368346.0888888889
1174,2635,156788.88888888888
1175,2636,183053.33333333334
1176,2637,195140.0
1177,2638,249751.02222222224
1178,2639,186958.88888888888
1179,2640,160563.33333333334
1180,2641,98400.0
1181,2642,200413.77777777778
1182,2643,96244.44444444444
1183,2644,128429.64444444445
1184,2645,102531.11111111111
1185,2646,96566.66666666667
1186,2647,95255.55555555556
1187,2648,132971.11111111112
1188,2649,149238.88888888888
1189,2650,164577.77777777778
1190,2651,144472.77777777778
1191,2652,393974.4
1192,2653,267546.6666666667
1193,2654,286781.0
1194,2655,333134.15555555554
1195,2656,310728.2888888889
1196,2657,402974.06666666665
1197,2658,319288.73333333334
1198,2659,322545.5333333333
1199,2660,319434.06666666665
1200,2661,368904.4
1201,2662,322388.73333333334
1202,2663,270473.02222222224
1203,2664,285603.4222222222
1204,2665,336217.68888888886
1205,2666,346378.9555555555
1206,2667,170721.95555555556
1207,2668,177537.55555555556
1208,2669,178296.93333333332
1209,2670,283383.1111111111
1210,2671,177982.88888888888
1211,2672,195239.82222222222
1212,2673,212178.88888888888
1213,2674,222064.44444444444
1214,2675,168682.88888888888
1215,2676,180868.11111111112
1216,2677,206992.22222222222
1217,2678,259158.26666666666
1218,2679,269957.3333333333
1219,2680,267770.0
1220,2681,374003.06666666665
1221,2682,297859.77777777775
1222,2683,494347.55555555556
1223,2684,286288.8888888889
1224,2685,305294.44444444444
1225,2686,259728.93333333332
1226,2687,284687.0888888889
1227,2688,238215.8
1228,2689,225580.95555555556
1229,2690,452147.1777777778
1230,2691,207778.88888888888
1231,2692,162087.4
1232,2693,193575.7111111111
1233,2694,153242.93333333332
1234,2695,198983.33333333334
1235,2696,185770.77777777778
1236,2697,209761.2888888889
1237,2698,195132.0
1238,2699,185606.22222222222
1239,2700,176006.44444444444
1240,2701,162949.3777777778
1241,2702,128714.44444444444
1242,2703,130032.22222222222
1243,2704,134412.77777777778
1244,2705,131374.44444444444
1245,2706,127240.0
1246,2707,139488.88888888888
1247,2708,134327.77777777778
1248,2709,118000.0
1249,2710,129830.0
1250,2711,268608.6222222222
1251,2712,297114.55555555556
1252,2713,177696.66666666666
1253,2714,147400.0
1254,2715,176850.66666666666
1255,2716,149422.4
1256,2717,196963.88888888888
1257,2718,259695.55555555556
1258,2719,149790.75555555554
1259,2720,166300.0
1260,2721,141958.88888888888
1261,2722,150608.44444444444
1262,2723,147842.22222222222
1263,2724,128695.77777777778
1264,2725,138737.77777777778
1265,2726,150143.33333333334
1266,2727,177465.55555555556
1267,2728,165683.33333333334
1268,2729,157015.55555555556
1269,2730,155164.44444444444
1270,2731,116300.0
1271,2732,123089.55555555556
1272,2733,163281.11111111112
1273,2734,159777.77777777778
1274,2735,130046.66666666667
1275,2736,153911.93333333332
1276,2737,127416.11111111111
1277,2738,134667.77777777778
1278,2739,160186.66666666666
1279,2740,143346.66666666666
1280,2741,144509.35555555555
1281,2742,157653.33333333334
1282,2743,139989.44444444444
1283,2744,152743.33333333334
1284,2745,146943.33333333334
1285,2746,132711.22222222222
1286,2747,142824.44444444444
1287,2748,128426.66666666667
1288,2749,130414.44444444444
1289,2750,132800.0
1290,2751,125762.22222222222
1291,2752,218479.51111111112
1292,2753,147026.66666666666
1293,2754,177203.97777777776
1294,2755,121997.77777777778
1295,2756,92519.35555555555
1296,2757,74834.93333333333
1297,2758,97946.66666666667
1298,2759,141804.44444444444
1299,2760,126370.46666666666
1300,2761,149101.11111111112
1301,2762,154575.55555555556
1302,2763,177104.44444444444
1303,2764,169452.93333333332
1304,2765,243406.66666666666
1305,2766,132394.97777777776
1306,2767,96420.0
1307,2768,142665.55555555556
1308,2769,133283.33333333334
1309,2770,160516.66666666666
1310,2771,121548.13333333333
1311,2772,133521.11111111112
1312,2773,162950.82222222222
1313,2774,129650.66666666667
1314,2775,120730.24444444444
1315,2776,127004.44444444444
1316,2777,143410.0
1317,2778,103286.75555555556
1318,2779,125792.71111111112
1319,2780,105875.55555555556
1320,2781,100296.66666666667
1321,2782,102190.0
1322,2783,102618.93333333333
1323,2784,121380.0
1324,2785,145178.44444444444
1325,2786,84589.13333333333
1326,2787,120967.77777777778
1327,2788,92649.51111111112
1328,2789,188168.4
1329,2790,91336.93333333333
1330,2791,118146.66666666667
1331,2792,89139.84444444445
1332,2793,167254.53333333333
1333,2794,97544.44444444444
1334,2795,127742.97777777778
1335,2796,98984.06666666667
1336,2797,173910.0
1337,2798,112293.33333333333
1338,2799,112680.21111111112
1339,2800,79102.0
1340,2801,110976.66666666667
1341,2802,126252.53333333334
1342,2803,178537.2
1343,2804,127442.22222222222
1344,2805,93677.62222222223
1345,2806,96567.64444444445
1346,2807,156839.77777777778
1347,2808,143504.44444444444
1348,2809,137562.22222222222
1349,2810,144170.0
1350,2811,152382.33333333334
1351,2812,148585.55555555556
1352,2813,196885.0888888889
1353,2814,179660.64444444445
1354,2815,87942.22222222222
1355,2816,271140.8222222222
1356,2817,152180.0
1357,2818,127671.11111111111
1358,2819,181123.3777777778
1359,2820,128131.11111111111
1360,2821,101222.22222222222
1361,2822,147550.44444444444
1362,2823,237506.77777777778
1363,2824,152338.88888888888
1364,2825,131740.26666666666
1365,2826,136493.33333333334
1366,2827,135517.77777777778
1367,2828,233896.44444444444
1368,2829,188220.6
1369,2830,212998.95555555556
1370,2831,188040.17777777778
1371,2832,211028.97777777776
1372,2833,299523.22222222225
1373,2834,221810.6888888889
1374,2835,222263.04444444444
1375,2836,186248.88888888888
1376,2837,180028.88888888888
1377,2838,148080.0
1378,2839,178641.33333333334
1379,2840,196466.66666666666
1380,2841,199348.88888888888
1381,2842,217462.22222222222
1382,2843,159658.88888888888
1383,2844,153104.44444444444
1384,2845,126124.44444444444
1385,2846,207773.55555555556
1386,2847,203598.66666666666
1387,2848,213112.13333333333
1388,2849,205929.55555555556
1389,2850,267280.9555555555
1390,2851,234878.42222222223
1391,2852,223492.88888888888
1392,2853,218878.22222222222
1393,2854,141707.82222222222
1394,2855,184099.84444444443
1395,2856,205925.55555555556
1396,2857,186682.22222222222
1397,2858,181978.57777777777
1398,2859,120447.55555555556
1399,2860,133962.22222222222
1400,2861,131733.46666666667
1401,2862,179626.66666666666
1402,2863,147471.11111111112
1403,2864,261645.86666666667
1404,2865,138388.88888888888
1405,2866,130000.0
1406,2867,100360.0
1407,2868,107477.77777777778
1408,2869,121139.55555555556
1409,2870,133732.77777777778
1410,2871,81475.55555555556
1411,2872,60249.6
1412,2873,100152.28888888888
1413,2874,134755.55555555556
1414,2875,117193.33333333333
1415,2876,170275.55555555556
1416,2877,173649.64444444445
1417,2878,183797.77777777778
1418,2879,134157.77777777778
1419,2880,110484.44444444444
1420,2881,146935.26666666666
1421,2882,148684.44444444444
1422,2883,214682.06666666668
1423,2884,162191.86666666667
1424,2885,185892.22222222222
1425,2886,188516.73333333334
1426,2887,101388.82222222222
1427,2888,120546.66666666667
1428,2889,61438.84444444445
1429,2890,96161.08888888889
1430,2891,141888.88888888888
1431,2892,64805.75555555556
1432,2893,99737.48888888888
1433,2894,53297.88888888889
1434,2895,283038.02222222224
1435,2896,307712.9111111111
1436,2897,191222.33333333334
1437,2898,174506.66666666666
1438,2899,296234.35555555555
1439,2900,165957.77777777778
1440,2901,183408.3111111111
1441,2902,179552.2
1442,2903,326364.06666666665
1443,2904,359334.8
1444,2905,127629.04444444444
1445,2906,190835.55555555556
1446,2907,113565.77777777778
1447,2908,131491.11111111112
1448,2909,153908.88888888888
1449,2910,82285.55555555556
1450,2911,85297.77777777778
1451,2912,157003.04444444444
1452,2913,84842.22222222222
1453,2914,82386.66666666667
1454,2915,88086.66666666667
1455,2916,79942.22222222222
1456,2917,147011.66666666666
1457,2918,122482.44444444444
1458,2919,218033.33333333334
